{"cameraMode":{"drawMode":0,"name":"Shaded","section":"Shading Mode"},"sceneLighting":true,"audioPlay":false,"sceneViewState":{"m_AlwaysRefresh":false,"showFog":true,"showSkybox":true,"showFlares":true,"showImageEffects":true,"showParticleSystems":true,"showVisualEffectGraphs":true,"m_FxEnabled":true},"in2DMode":false,"pivot":{"x":0.5180706977844238,"y":1.0138845443725587,"z":-0.14307928085327149},"rotation":{"x":0.2849234342575073,"y":0.07350990176200867,"z":-0.021933317184448243,"w":0.9555004239082336},"size":8.4368257522583,"orthographic":false}